エンジニア,86
勉強,50
転職,49
仕事,39
ai,27
it,26
python,26
コード,26
経験,25
git,24
web,23
サイト,23
統計,23
java,22
会社,22
サイエンス,21
フレームワーク,21
aws,20
アルゴリズム,20
時間,19
情報,17
数学,17
言語,17
開発,17
プログラミング,16
技術,16
記事,16
フリーランス,15
試験,15
webエンジニア,14
解説,14
プログラマー,13
企業,13
実装,13
最新,13
最近,13
理解,13
転職サイト,12
ツール,11
ニュース,11
レシピ,11
予測,11
問題,11
営業,11
更新,11
業務,11
画像,11
aiニュース,10
itエンジニア,10
とき,10
アップ,10
エンジニア転職,10
ゲーム,10
スキル,10
分析,10
微分,10
活用,10
環境,10
知識,10
関係,10
関数,10
12,9
html,9
合格,9
大学,9
案件,9
無料,9
自由,9
課題,9
20,8
the,8
ブログ,8
人気,8
以上,8
入門,8
副業,8
参考,8
紹介,8
結果,8
認定,8
css,7
github,7
わけ,7
エージェント,7
エース,7
コロナ,7
ビジネス,7
プログラム,7
ヶ月,7
予定,7
制作,7
効率,7
動画,7
収入,7
基礎,7
夏休み,7
時流,7
最初,7
毎日,7
職業,7
資格,7
運用,7
22,6
30,6
amp,6
answer,6
itweb,6
theanswer,6
はず,6
イベント,6
エンジニア人気,6
エンジニア仕事,6
エンジニア比較,6
オープン,6
キャリア,6
サイト収入,6
サイト最新,6
システム,6
スクール,6
リプ,6
人気転職,6
人生,6
公開,6
収入アップ,6
定期,6
実務,6
思考,6
時流エンジニア,6
検定,6
比較,6
比較転職,6
登録,6
盆休み,6
相手,6
研究,6
社内,6
程度,6
管理,6
英語,6
行動,6
訓練,6
講座,6
通り,6
音声,6
駆け出し,6
高校,6
00,5
13,5
21,5
awssaa,5
saa,5
silver,5
toeic,5
ご覧,5
ケース,5
サービス,5
ファイル,5
レベル,5
今後,5
以下,5
企画,5
休み,5
作成,5
半分,5
単語,5
実践,5
強化,5
担当,5
支援,5
教材,5
構成,5
現在,5
目標,5
確率,5
答え,5
複数,5
設定,5
部分,5
関連,5
集中,5
aws認定,4
kaggle,4
ok,4
php,4
qiita,4
qiita定期,4
twitter,4
そう,4
アプリ,4
アプリケーション,4
エンジニア経験,4
エース前例,4
ツイート,4
デザイナー,4
パソコン,4
プロ,4
プログラミングスクール,4
ページ,4
リモート,4
共有,4
処理,4
前例,4
前例人生,4
募集,4
午後,4
受講,4
基本,4
子供,4
実務経験,4
対象,4
就職,4
希望,4
弊社,4
引退,4
引退it,4
復習,4
応募,4
掲載,4
時代,4
札幌,4
札幌エース,4
来週,4
概念,4
活動,4
独学,4
現場,4
確認,4
給料,4
自然,4
興味,4
解決,4
言語フレームワーク,4
証明,4
転職札幌,4
開催,4
